Word,Count
*,14801
-->,4306
<!--,4306
the,3311
,2430
@generated,2165
begin-user-doc,2153
end-user-doc,2153
of,1564
@see,1375
attribute,1129
object,903
value,884
The,798
for,785
'{@link,590
@ordered,523
meta,510
@return,407
a,399
Returns,390
literal,368
feature,266
new,263
class,258
@model,252
<p>,224
</p>,220
<li>{@link,220
@param,216
be,201
id,198
should,187
there,179
If,177
more,176
description,174
here..,173
meaning,173
\clear,\,173
really,173
isn't,173
reference,160
to,151
default,143
is,138
an,127
cached,125
=,112
Sets,107
and,104
This,102
result,102
implementation,102
{@link,97
as,89
model,87
instance,79
Id</em>}',76
that,71
switch,71
type,71
adapter,70
returns,68
are,67
features,67
+,66
Dao</em>',66
Id</em>',64
will,64
interpreting,62
<em>Add,60
if,60
set,58
ignore,58
Create,57
with,57
we,52
data,51
package,50
its,50
file,49
list,49
in,49
all,49
Function,48
folder,47
NOT,45
Creates,45
case,45
Dao</em>}',44
path,43
{,42
Id</b></em>',41
can,41
this,41
'<em>Add,40
representation,40
<ul>,40
A,40
</ul>,40
An,39
image,39
'<em><b>SW,39
when,39
whether,38
following,38
'<em>File,37
null,36
<em>File,36
non-null,35
specified,34
so,34
null;,34
inheritance,33
displays,33
method,33
TODO:,33
target,33
#getCreated(),32
objects,32
},32
\required="\true"\\,32
name,31
Image},31
returning,31
#doSwitch(org.eclipse.emf.ecore.EObject),31
catch,31
contents,31
or,31
anyway,31
terminate,31
on,31
'<em><b>Add,30
In,30
#getName(),30
Status,30
it's,29
it,29
cases,29
cases;,29
structural,29
number,29
easily,29
doSwitch(EObject),29
useful,29
parent,28
(,28
return,28
containment,27
Test,27
Id</em>}</li>,26
not,26
<em>Created</em>}',26
use,26
TODO,25
$NON-NLS-1$,25
'<em>Created</em>',25
#isDeleted(),25
Plan</b></em>',24
'<em>Name</em>',24
<em>Name</em>}',24
from,24
by,24
has,23
),23
enum,23
factory,22
<em>User,22
Dao</b></em>',22
which,21
'<em>User,21
Status</em>',21
function,21
<em>Connection,21
'<em>Deleted</em>',20
'<em><b>Name</b></em>',20
wizard,20
<em>Deleted</em>}',20
each,20
\annotation="\teneo.jpa\,20
Type</b></em>',20
at,20
#getModified(),20
dialog,19
supported:,18
private,18
Milestone,18
Report</b></em>',18
String,18
Status</em>}',18
'<em><b>Created</b></em>',18
Type,18
implemented:,18
revision,17
Source,17
field,17
\"\\,17
true,17
any,17
'<em><b>File,17
Type</em>}',17
content,17
#getConnection(),17
base,16
'<em>Connection,16
plugin,16
\dataType="\general.Date"\\,16
decorated,16
public,16
create,16
member,16
//////////////////////////////////////////////////////////////////////////,16
<em>Modified</em>}',16
'<em>Modified</em>',16
information,16
literals,15
Class</b></em>',15
'<em><b>Deleted</b></em>',15
Management,15
'<em><b>System,15
#getAddInfo3(),15
Object,15
#getAddInfo1(),15
<em>Event,15
#getAddInfo2(),15
</b></em>',15
s,14
add,14
'<em><b>Session</b></em>',14
reviewed,14
\unsettable="\true"\\,14
general.QualityCriteria,14
<em>Object,14
static,14
available,14
'<em><b>Connection,14
1,14
\"\|"\\,14
Status</b></em>',14
\many="\false"\\,14
Unsets,14
been,14
14.03.2012,14
'<em><b>Persistent,14
To,13
#getContainer(),13
Auto-generated,13
Type</em>',13
'<em>User</em>',13
'<em>Snapshot</em>',13
images,13
'<em>Session,13
\dataType="\dao.List"\\,13
'<em>Container</em>',13
Info1</em>',12
Date</em>',12
Requirements,12
Specification</b></em>',12
root,12
used,12
<em>Container,12
no,12
<em>Snapshot,12
Info3</em>}',12
'<em><b>Modified</b></em>',12
value='@Id,12
Info3</em>',12
'<em>Event,12
enumeration,12
<em>Data,12
Used</em>',12
you,12
Info2</em>',12
<li>each,12
<em>Created</em>}</li>,12
<em>Function,12
view,12
<em>Last,12
Id,12
based,12
'<em><b>Software,12
<em>Check,12
start,12
now,12
here,12
Info2</em>}',12
'<em>Content,12
Used</em>}',12
Integration,12
Date</em>}',12
<em>Name</em>}</li>,12
Info1</em>}',12
);,12
\id="\true"\\,12
first,12
check,12
'<em>Container,11
but,11
v,11
'<em>Function,11
stored,11
functions,11
'<em>Snapshot,11
#getFileFunctionStatus(),11
given,11
stub,11
ID,11
created,11
'<em>Data,11
<em>Session,11
Date</b></em>',11
'<em><b>Event,11
'<em>Check,11
ImageDescriptor},11
snapshot,11
(non-Javadoc),11
#getType(),10
-,10
#getComment(),10
si,10
\@GeneratedValue(generator=\"\system-uuid\"\)'"\\,10
<em>Root,10
#getDescription(),10
#getSuffix(),10
#getUsername(),10
<em>Deleted</em>}</li>,10
#getContentObject(),10
#getLastUsed(),10
Initialize,10
<em>Of,10
<em>Part,10
lock,10
#getRelease(),10
'<em><b>User,10
#getPassword(),10
#getUser(),10
enumerators,10
It,10
decorator,10
'<em><b>Change,9
instances,9
#getFunction(),9
'<em>Object,9
else,9
font,9
'<em>Function</em>',9
Info3</b></em>',9
Info1</b></em>',9
matching,9
Info2</b></em>',9
part,9
#getSnapshot(),9
'<em>Folder</em>',9
Used</b></em>',9
resource,9
implement,9
changed,9
Specification,9
#setCreated(Date),8
#getSource(),8
<em>Type</em>}',8
<em>Suffix</em>}',8
'<em>Owner</em>',8
general.Container,8
<em>User</em>}',8
corner,8
get,8
'<em>Description</em>',8
Of</em>',8
2,8
one,8
Name</em>',8
#getDataSource(),8
\"\--"\\,8
<em>Password</em>}',8
'<em>Release</em>',8
change,8
selection,8
Ignore,8
<em>Source</em>}',8
'<em>Part,8
exceptions,8
Snapshot,8
general.User,8
'<em>Root,8
<em>Comment</em>}',8
status,8
general.Snapshot,8
'<em><b>Milestone</b></em>',8
stores,8
up,8
session,8
Status</em>}</li>,8
<em>Snapshot</em>}',8
<em>Task,8
'<em><b>Object,8
'<em>Of,8
have,8
general.Folder,8
general.documentType,8
<em>Release</em>}',8
'<em>Comment</em>',8
resources,8
<em>Set,8
remove,8
==,8
<em>Username</em>}',8
general.ConnectionType,8
<em>Content,8
Name</em>}',8
'<em>Type</em>',8
'<em>Source</em>',8
'<em>Suffix</em>',8
List</b></em>',8
general.Milestone,8
size,8
\class,</li>\,8
'<em>Last,8
IAdaptable,8
folders,8
style,8
bar,8
'<em><b>Release</b></em>',8
methods,8
<em>Container</em>}',8
initial,8
Name</b></em>',8
'<em><b>Part,8
Of</b></em>',8
<em>Modified</em>}</li>,8
<em>Description</em>}',8
sets,8
'<em>Password</em>',8
'<em>Username</em>',8
master,8
#getDataSourceId(),7
<em>Milestone</em>}',7
#getFileTypeId(),7
#getFunctionId(),7
Maps,7
final,7
#getCheckInMilestoneId(),7
#getSnapshotId(),7
Set,7
File,7
#getUserId(),7
'<em>Date</em>',7
#getEvent(),7
locked,7
void,7
Font},7
#getContainerId(),7
#getTaskId(),7
specific,7
'<em>Session</em>',7
already,7
#getFileFunctionStatusId(),7
Dispose,7
entry,7
#getConnectionId(),7
@implements,7
clear,7
was,7
Folder,7
Check,7
working,7
where,7
'<em><b>Function</b></em>',7
color,7
associated,7
#getSetOn(),7
\snapshotDataType="\dao.Snapshot"\\,7
#getEventId(),7
Factory</em>',7
#getObjectId(),7
meta-data,6
'<em><b>Username</b></em>',6
fetch,6
Project,6
<em>Full,6
System,6
string,6
<em>Configuration,6
Milestone</em>',6
button,6
classes,6
version,6
OS,6
'<em>Task</em>',6
'<em><b>Description</b></em>',6
general.EventType,6
Container,6
<em>Synergy,6
<em>Up,6
<em>Mks,6
application,6
'<em>File</em>',6
<em>Creation,6
'<em>Event</em>',6
'<em><b>document,6
creation,6
Used</em>}</li>,6
'<em><b>Comment</b></em>',6
'<em><b>Project,6
settings,6
mark,6
parameters,6
'<em><b>Of,6
Info3</em>}</li>,6
'<em>Generic,6
time,6
Assurance,6
Queries</em>',6
Return,6
invoke,6
about,6
'<em><b>Type</b></em>',6
'<em><b>Suffix</b></em>',6
co,6
column,6
'<em><b>Root,6
<em>Owner,6
'<em>Connection</em>',6
'<em><b>Last,6
'<em>Hibernate,6
only,6
'<em><b>Owner</b></em>',6
viewproject,6
both,6
<em>Overall,6
#getOwner(),6
found,6
'<em><b>Configuration,6
On</em>}',6
them,6
system,6
Info2</em>}</li>,6
yn</b></em>',6
Info1</em>}</li>,6
'<em>General,6
container,6
Unit,6
Sandbox,6
integer,6
<em>Modfied,6
current,6
@author,6
Util</em>',6
Bundle},6
'<em>Folder,6
'<em><b>Source</b></em>',6
\name,\,6
Date</em>}</li>,6
Quality,6
Satus</em>',6
'<em><b>Password</b></em>',6
hence,6
<em>Times,6
controls,6
parentShell,6
0,6
<em>Owner</em>}',6
<em>Function</em>}',6
'<em><b>Quality,6
<b>Package</b>,6
Source</em>',6
List</em>',6
creates,6
#setName(String),6
<code>caseXXX</code>,6
Ensure,6
Of</em>}',6
MKS,6
old,6
#getPartOf(),6
Object</em>',6
<em>Db,6
Color},6
operation,6
#getConfigurationManagement(),5
<em>Session</em>}',5
general.Task#getTaskId,5
JFace,5
global,5
#getMilestone(),5
order,5
'<em><b>Check,5
'<em><b>Version</b></em>',5
general.CheckInMilestone#getCheckInMilestoneId,5
inner,5
general.Connection#getSource,5
general.Snapshot#getCreated,5
'<em>Task,5
actions,5
represent,5
project,5
height,5
#getSession(),5
<em>Folder</em>}',5
#isMksStatus(),5
#getDate(),5
provides,5
#getFullName(),5
'<em><b>Level</b></em>',5
#isRequired(),5
do,5
'<em><b>Data,5
#getOwnerId(),5
\enumerator,\,5
#getIcon(),5
another,5
general.FileType#getFileTypeId,5
#getCreationDate(),5
'<em><b>Container,5
general.Snapshot#getSnapshotId,5
fill,5
Criteria</b></em>',5
#getObjectName(),5
#isDbStatus(),5
'<em>Set,5
Only,5
dispose,5
corresponding,5
#getRating(),5
#getReviewed(),5
:,5
focus,5
general.Connection#getConnectionId,5
On</em>',5
#getProject(),5
#getMessage(),5
'<em><b>Session,5
#getSessionFactory(),5
'<em>Milestone</em>',5
general.ContentObject#getObjectId,5
between,5
array,5
DB,5
\"\"\;\,5
#getVersion(),5
messages,5
fields,5
#getOverallStatus(),5
#getStatus(),5
correct,5
'<em><b>Container</b></em>',5
Event,5
#getTimesUsed(),5
User,5
'<em><b>Generic,5
#getFile(),5
#getDatabase(),5
bold,5
<em>Persistent,5
relative,5
'<em><b>Dummy</b></em>',5
general.Event#getEventId,5
supported,5
#getEmail(),5
#getUpToDate(),5
join,5
#getConnectionType(),5
#setDeleted(boolean),5
general.FileFunctionStatus#getFileFunctionStatusId,5
#isFinished(),5
'<em><b>Snapshot</b></em>',5
runtime,5
#getFileType(),5
});,5
initialization,5
their,5
<em>Date</em>}',5
#getAddInfo4(),5
construct,5
singleton,5
utility,5
options,5
#getLevel(),5
general.DataSource#getDataSourceId,5
component,5
#isDummy(),5
'<em><b>Snapshot,5
Factory</em>}',5
read-only,5
general.FileFunctionStatus#getSetOn,5
made,5
'<em><b>Full,5
true;,5
'<em><b>Function,5
text,5
'<em><b>Modfied,5
#isUserRelevant(),5
#getModfiedDate(),5
#getSynergySession(),5
what,5
general.Function#getFunctionId,5
select,5
general.User#getUserId,5
'<em><b>User</b></em>',5
#getTask(),5
through,5
===========================================================================,5
general.Container#getContainerId,5
general.ContentObject,4
'<em>EObject</em>',4
daddy,4
\package,\,4
Management</em>',4
!!,4
'<em>Persistent,4
Relevant</em>',4
items,4
general.impl.FileTypeImpl,4
Source</em>}',4
(e.g,4
Class</em>',4
<em>Dummy</em>}',4
<em>Suffix</em>}</li>,4
\<code>"\"\</code>\,4
File</em>',4
<em>Rating</em>}',4
\CascadeType.DELETE})'"\\,4
every,4
dao.FunctionDao,4
<em>Folder,4
general.impl.SessionSatusImpl,4
dao.ContentObjectDao,4
'<em>Finished</em>',4
general.File,4
Info4</em>',4
general.SessionSatus,4
<em>Connection</em>}',4
needed,4
URI,4
Of</em>}</li>,4
Add,4
placing,4
general.Connection,4
general.impl.SnapshotImpl,4
element),4
dao.UserDao,4
originally,4
||,4
constructor,4
decorate,4
\Google,\,4
dao.impl.SnapshotDaoImpl,4
'<em>Users</em>',4
'<em>Overall,4
using,4
called,4
<em>Hibernate,4
'<em>Icon</em>',4
model's,4
org.eclipse.emf.ecore.EPackage.Registry,4
resulting,4
org.hibernate.Query,4
<em>General,4
general.QualityCriteria},4
Queries</em>}',4
applicable,4
org.hibernate.SessionFactory,4
dao.FileFunctionStatusDao,4
database,4
Directory</em>',4
underline,4
general.impl.FileFunctionStatusImpl,4
Name</em>}</li>,4
hierarchy,4
'<em>Rating</em>',4
general.impl.FolderImpl,4
'<em>Configuration,4
fonts,4
Folder1,4
dao.impl.FunctionDaoImpl,4
within,4
******************************************************************************,4
until,4
<em>Generic,4
dao.impl.GenericDaoImpl,4
@deprecated,4
general.DataSource#getSetting,4
Milestone</em>}',4
Inc,4
invocation,4
dao.impl.FolderDaoImpl,4
guarded,4
dao.impl.FileFunctionStatusDaoImpl,4
<em>Description</em>}</li>,4
Satus</em>}',4
dao.FileDao,4
differenciator,4
dao.EventDao,4
<em>Icon</em>}',4
descriptor,4
doOnce,4
Configuration,4
end;,4
<em>Source</em>}</li>,4
general.impl.FunctionImpl,4
composed,4
dao.FolderDao,4
general.impl.CheckInMilestoneImpl,4
<em>Password</em>}</li>,4
user,4
Handle,4
'<em>Up,4
dao.HibernateUtil,4
'<em>Full,4
ConnectionType,4
shared,4
\value='@Cascade({CascadeType.SAVE_UPDATE,\,4
<em>Version</em>}',4
List</em>}',4
affect,4
finish,4
int,4
<em>Email</em>}',4
looked,4
'<em>Email</em>',4
dao.impl.ConnectionDaoImpl,4
<em>Username</em>}</li>,4
nicer,4
//,4
namespace,4
general.Event,4
Session</em>',4
added,4
\exist,\,4
general.impl.UserListImpl,4
general.impl.ContainerImpl,4
general.UserList,4
also,4
baseImage,4
<b>Factory</b>,4
design,4
'<em>Owner,4
dao.impl.ContainerDaoImpl,4
<em>Reviewed</em>}',4
java.util.List,4
'<em>Creation,4
dao.impl.UserDaoImpl,4
longer,4
state,4
<em>Release</em>}</li>,4
<em>Database</em>}',4
dao.GenericDao,4
<code>target</code>,4
'<em>Times,4
know,4
dao.impl.HibernateUtilImpl,4
Function</em>',4
documentType,4
QualityCriteria,4
event,4
exists,4
They,4
<em>Message</em>}',4
<em>Level</em>}',4
read,4
\enum,</li>\,4
<li>and,4
'<em>Level</em>',4
---,4
'<em>Db,4
Management</em>}',4
Style,4
'<em>Project</em>',4
<em>Task</em>}',4
<em>Event</em>}',4
<code>createXXX</code>,4
'<em>Status</em>',4
System.currentTimeMillis()/1000;,4
\seconds"\);\,4
'<em><b>Content,4
stuff,4
dao.impl.FileDaoImpl,4
@Override,4
general.Function,4
general.impl.ContentObjectImpl,4
Session</em>}',4
'<em>Database</em>',4
general.impl.UserImpl,4
'<em>Dummy</em>',4
<em>Comment</em>}</li>,4
call,4
#getCheckInMilestone(),4
f,4
dao.GeneralQueries,4
\System.out.println("\---\,4
drop,4
general.FileFunctionStatus,4
Object</em>}',4
<em>Project</em>}',4
<em>Required</em>}',4
'<em>Message</em>',4
type</li>,4
All,4
i,4
org.eclipse.swt.graphics.Image,4
owner,4
dao.impl.ContentObjectDaoImpl,4
general.DataSource,4
general.impl.ConnectionImpl,4
Relevant</em>}',4
meta-model,4
Time,4
java.util.Date,4
dao.impl.GeneralQueriesImpl,4
dao.ContainerDao,4
general.Task,4
'<em>Reviewed</em>',4
org.hibernate.Session,4
dao.SnapshotDao,4
#setModified(Date),4
general.CheckInMilestone,4
'<em>Modfied,4
<em>Finished</em>}',4
general.impl.DataSourceImpl,4
date,4
<em>File</em>}',4
dao.impl.EventDaoImpl,4
Dir</em>',4
'<em>Via</em>',4
diff,4
<em>Status</em>}',4
<em>Owner</em>}</li>,4
'<em>Required</em>',4
'<em>Version</em>',4
\"\main"\\,4
general.impl.EventImpl,4
end,4
general.impl.TaskImpl,4
constant,4
Info4</em>}',4
Util</em>}',4
containing,4
connection,4
types,4
general.FileType,4
grid,4
ContentObject,4
'<em>Mks,4
general.impl.FileImpl,4
'<em>Synergy,4
\default="\"\\,4
strikeout,4
registered,4
dao.ConnectionDao,4
shutdown),4
Provider,4
right,4
URL},4
<em>Type</em>}</li>,4
\model,\,4
put,4
files,4
try,3
'<em><b>O</b></em>',3
general.DataSource#getName,3
unused,3
general.User#getTimesUsed,3
general.Connection#getConnectionType,3
#getUsers(),3
'<em><b>Times,3
<em>document,3
memberrev,3
SANDBOX</b></em>',3
'<em><b>BSAMPLE</b></em>',3
Requirements</b></em>',3
\<code>"\false"\</code>\,3
general.Connection#isDeleted,3
SRS</b></em>',3
#isSetTaskId(),3
sort,3
'<em><b>G90</b></em>',3
general.Connection#getModified,3
general.Connection#getPassword,3
into,3
#isSetSnapshotId(),3
#setFileFunctionStatusId(String),3
lists,3
left,3
Schedule</b></em>',3
#isSetUserId(),3
'<em><b>Blank</b></em>',3
labels,3
general.FileFunctionStatus#getOfFile,3
general.Event#getSource,3
#setConnectionId(String),3
dao.GenericDao#getSession,3
general.FileFunctionStatus#getComment,3
'<em><b>Customer,3
Dir</em>}',3
#setAddInfo3(String),3
'<em><b>Warning</b></em>',3
'<em><b>G80</b></em>',3
Directory</em>}',3
general.Container#getOwner,3
#getSessionSatus(),3
general.CheckInMilestone#getContainer,3
'<em><b>CSAMPLE</b></em>',3
general.FileFunctionStatus#getOfFunction,3
Session</b></em>',3
#isSetFunctionId(),3
#isSetFileTypeId(),3
'<em><b>Up,3
Code,3
page,3
<em>Quality,3
release,3
green,3
Class</em>}',3
Architecture</b></em>',3
API,3
#setAddInfo1(String),3
'<em><b>SDD</b></em>',3
general.SessionSatus#isMksStatus,3
SessionFactory,3
starts,3
because,3
Document,3
general.Container#getModified,3
'<em><b>Message</b></em>',3
store,3
#unsetObjectId(),3
#getRootDir(),3
display,3
general.User#getPassword,3
general.Connection#getRelease,3
Interface,3
'<em><b>MKS,3
Relevant</b></em>',3
Function</b></em>',3
indicators,3
#unsetFileTypeId(),3
Note:,3
general.Connection#getAddInfo3,3
general.Task#isFinished,3
general.FileType#getIcon,3
IconFactory.getInstance().getWordIco();,3
format,3
general.FileType#getDescription,3
general.File#getCreationDate,3
Learned,3
general.File#getObjectName,3
#isSetCheckInMilestoneId(),3
element,3
'<em><b>Creation,3
\,\,3
general.Task#getCreated,3
'<em><b>Owner,3
general.FileFunctionStatus#getType,3
#getRootDirectory(),3
general.User#getUsername,3
'<em><b>MISRA,3
defaults,3
'<em><b>Set,3
general.Event#getType,3
#setCheckInMilestoneId(String),3
'<em><b>G55</b></em>',3
general.User#isDeleted,3
boolean,3
find,3
<em>Setting</em>}',3
gridItem,3
\Type</b></em>',\,3
lets,3
general.Connection#getDatabase,3
#setFunctionId(String),3
#getPersistentClass(),3
Criteria</em>}',3
Risk,3
general.ContentObject#getPartOf,3
general.ContentObject#getLevel,3
#setSnapshotId(String),3
general.Connection#getAddInfo1,3
way,3
displayed,3
Release,3
test,3
values,3
'<em><b>I</b></em>',3
'<em><b>Db,3
DOORS</b></em>',3
general.DataSource#getAddInfo2,3
general.Snapshot#isDeleted,3
general.ContentObject#getRelease,3
#isSetCreated(),3
'<em><b>Required</b></em>',3
#isSetObjectId(),3
<em>Via</em>}',3
#setSetOn(Date),3
some,3
tree,3
Table,3
'<em><b>SC,3
Engineering,3
valid,3
Dir</b></em>',3
general.Container#getAddInfo2,3
plug-in,3
#isSetSetOn(),3
<em>Users</em>}',3
4,3
work,3
#isSetFileFunctionStatusId(),3
general.Function#getCreated,3
'<em><b>Finished</b></em>',3
Function</em>}',3
General,3
general.Function#getName,3
Metrics</b></em>',3
#unsetContainerId(),3
#unsetConnectionId(),3
general.Function#getSnapshot,3
general.DataSource#getAddInfo1,3
#setFileTypeId(String),3
general.Connection#getAddInfo2,3
general.FileFunctionStatus#getUpToDate,3
'<em><b>Status</b></em>',3
shell,3
#setDataSourceId(String),3
such,3
same,3
'<em><b>Users</b></em>',3
general.FileType#getSuffix,3
#unsetCheckInMilestoneId(),3
general.FileFunctionStatus#isRequired,3
#getOfFile(),3
general.ContentObject#getModfiedDate,3
general.Container#getAddInfo3,3
Eclipse,3
Management</b></em>',3
\default="\false"\\,3
general.ContentObject#getVersion,3
general.User#getLastUsed,3
#isSetContainerId(),3
#unsetSnapshotId(),3
general.DataSource#getCreated,3
'<em><b>G50</b></em>',3
down,3
'<em>Setting</em>',3
contain,3
'<em><b>Model,3
differentiation,3
'<em><b>Email</b></em>',3
general.FileFunctionStatus#getReviewed,3
#getVia(),3
'<em><b>G40</b></em>',3
progressbar,3
dao.DaoPackage,3
general.Connection#getAddInfo4,3
general.Function#getModified,3
general.Snapshot#getVia,3
'<em><b>Bidirectional,3
'<em><b>Project</b></em>',3
DOORS,3
general.File#getRootDir,3
'<em><b>Error</b></em>',3
traceability,3
general.Connection#getUsername,3
general.GeneralPackage,3
#setTaskId(String),3
'<em>Image</em>',3
general.Snapshot#getName,3
Review</b></em>',3
'other',3
#setContainerId(String),3
Now,3
'<em><b>Setting</b></em>',3
'<em><b>Mks,3
Requ,3
general.DataSource#getAddInfo3,3
general.Event#isUserRelevant,3
attributes,3
general.FileFunctionStatus#getRating,3
exist,3
#setAddInfo2(String),3
#isSetConnectionId(),3
#unsetCreated(),3
general.Snapshot#getComment,3
#setEventId(String),3
inform,3
input,3
general.SessionSatus#getSynergySession,3
'<em><b>Rating</b></em>',3
Factory</b></em>',3
Use,3
general.CheckInMilestone#getMilestone,3
general.UserList#getUsers,3
Lint,3
#unsetEventId(),3
Label,3
table,3
general.Folder#getRootDirectory,3
'<em><b>Via</b></em>',3
general.ContentObject#getName,3
'<em><b>G70</b></em>',3
File</em>}',3
general.User#getEmail,3
'<em><b>Date</b></em>',3
'<em><b>Na</b></em>',3
getText(Object,3
general.Connection#getProject,3
'<em><b>X</b></em>',3
'<em>Query</em>',3
Summary,3
'<em><b>Additional2</b></em>',3
#unsetTaskId(),3
archived,3
general.Task#getDescription,3
'<em><b>Icon</b></em>',3
general.Connection#getPartOf,3
Sheet</b></em>',3
Info4</b></em>',3
'<em><b>Task,3
general.Connection#getLastUsed,3
general.Container#getAddInfo1,3
via,3
refresh,3
'<em><b>Reviewed</b></em>',3
#unsetDataSourceId(),3
dao.GenericDao#getPersistentClass,3
next,3
general.Function#getOverallStatus,3
Directory</b></em>',3
general.ContentObject#getFullName,3
general.DataSource#getModified,3
'<em><b>Database</b></em>',3
#isSetEventId(),3
'<em><b>ASAMPLE</b></em>',3
viewer,3
'<em>List</em>',3
dao.HibernateUtil#getSessionFactory,3
general.Task#getOwner,3
'<em><b>Lessons,3
general.Container#isDeleted,3
\containment="\true"\\,3
'<em><b>Synergy,3
general.FileType#getName,3
\userDataType="\dao.User"\\,3
general.Function#isDeleted,3
general.ContentObject#isDummy,3
ccmEXEFolder,3
#isSetDataSourceId(),3
bounds,3
TC</b></em>',3
File</b></em>',3
#unsetFileFunctionStatusId(),3
general.Container#getName,3
blue,3
general.Container#getOwnerId,3
just,3
#unsetFunctionId(),3
Report,3
'<em><b>G30</b></em>',3
PDP</b></em>',3
general.Event#getMessage,3
general.Container#getCreated,3
LINT,3
#unsetSetOn(),3
#setUserId(String),3
general.File#getSuffix,3
members,3
cursor,3
last,3
Object},3
general.FileFunctionStatus#getConfigurationManagement,3
directory,3
instanceof,3
cancel,3
Note</b></em>',3
TableViewerColumn,3
'<em><b>HWSW,3
'<em><b>Requirements,3
register,3
initialize,3
#getOfFunction(),3
'<em><b>Test,3
general.File#getStatus,3
#unsetUserId(),3
may,3
'<em><b>Additional</b></em>',3
Image,3
On</b></em>',3
general.Connection#getCreated,3
variables,3
'<em><b>G60</b></em>',3
'<em><b>Information</b></em>',3
general.Event#getDate,3
simply,3
Session,3
'<em><b>Overall,3
Architecture,3
#setObjectId(String),3
general.SessionSatus#isDbStatus,3
var,3
general.Event#getUser,3
3,2
detach,2
supertypes,2
184);,2
<em>Milestone</em>}</li>,2
bidirectional,2
Mark,2
Satus</b></em>',2
general.impl.GeneralPackageImpl#getFileFunctionStatus(),2
<b>Switch</b>,2
obtain,2
ENUM,2
\f."\functionid"\\,2
cvfo.getFile1().getLevel(),2
Complete,2
Milestone</b></em>',2
RGB,2
access,2
folder1,2
<em>Function</em>}</li>,2
Button,2
<em>Setting</em>}</li>,2
'plugin',2
delete,2
example:,2
cvfo.getFolder1().getRootDirectory(),2
performs,2
Utility,2
<em>Rating</em>}</li>,2
Delete,2
features;,2
#setOwner(User),2
underlying,2
\Instead,\,2
Content,2
<em>Users</em>}</li>,2
\kind="\package"\\,2
ePackage,2
done,2
'<em><b>Folder,2
#setRelease(String),2
general.impl.GeneralPackageImpl#getFile(),2
clazz,2
window,2
Info4</em>}</li>,2
general.impl.GeneralPackageImpl#getEvent(),2
<code>dispose()</code>,2
folder2,2
Page,2
multiple,2
general.impl.GeneralPackageImpl#getUserList(),2
general.impl.GeneralPackageImpl#getFolder(),2
general.impl.GeneralPackageImpl#getContainer(),2
gelb,2
dao.impl.DaoPackageImpl#getGeneralQueries(),2
general.impl.GeneralPackageImpl#getCheckInMilestone(),2
<em>Status</em>}</li>,2
upon,2
general,2
\red,\,2
#setDescription(String),2
col,2
commentDescriptor,2
possible,2
versions,2
cf,2
On</em>}</li>,2
File</em>}</li>,2
allows,2
\images,\,2
TextPropertyDescriptor,2
delegates,2
Rubel,2
Directory</em>}</li>,2
code,2
OK,2
'<em><b>SYNERGY</b></em>',2
\IStatus.OK,\,2
wether,2
freely,2
ccmHomeFolder,2
can't,2
<em>Via</em>}</li>,2
GeneralFactory.eINSTANCE.createFolder();,2
TEMP,2
cvfo.getFile1().getRootDir());,2
preference,2
\184,\,2
opened,2
link,2
yields,2
Hibernate,2
development,2
persistent,2
SWT.BORDER,2
names,2
run,2
Object</b></em>',2
String)},2
Settings,2
stream,2
Functions,2
waste,2
<code>true</code>,2
reserved,2
Source</b></em>',2
Contributors:,2
general.impl.GeneralPackageImpl#getDate(),2
#setPassword(String),2
scheglov_ke,2
dao.impl.DaoPackageImpl#getContainerDao(),2
\System.out.println("\set\,2
session.getTransaction().commit();,2
Calls,2
mapping,2
cursors,2
contains,2
general.CheckInMilestone#getFileStatus,2
opposite,2
#setLastUsed(Date),2
#getFileStatus(),2
\returned,\,2
PlatformUI.getWorkbench().getSharedImages(),2
removeFromFunction,2
e,2
general.impl.GeneralPackageImpl#getSessionSatus(),2
cvfo.getFolder1().getName(),2
co);,2
TableViewer,2
#initializePackageContents(),2
Function</em>}</li>,2
Factory</em>}</li>,2
elements,2
symbolicName,2
while,2
question,2
Type</em>}</li>,2
PropertyDescriptor,2
\registers,\,2
<em>Database</em>}</li>,2
would,2
\System.err.println("\--"\\,2
did,2
frozen,2
dao.impl.DaoPackageImpl#getUserDao(),2
License,2
general.impl.GeneralPackageImpl#getFunction(),2
You,2
well,2
\230,\,2
load,2
general.impl.GeneralPackageImpl#getDataSource(),2
Exception(),2
dao.impl.DaoPackageImpl#getHibernateUtil(),2
CLI,2
Data,2
<em>Session</em>}</li>,2
\colorGrid(gridItem,\,2
hellrot,2
dao.impl.DaoPackageImpl#getEventDao(),2
block,2
Class},2
Defines,2
terms,2
direction,2
Implement,2
Class</em>}</li>,2
total,2
EPackage.Registry},2
actual,2
(Snapshot),2
#getGenericDao(),2
FileFunctionStatus,2
input:,2
<em>Email</em>}</li>,2
dao.impl.DaoPackageImpl#getGenericDao(),2
only),2
non-abstract,2
\subproject,\,2
WindowBuilder,2
Nebula,2
times,2
#doSwitch(EObject),2
relevant,2
returned,2
nothing,2
<em>Required</em>}</li>,2
missing,2
'<em><b>Folder</b></em>',2
supports,2
ContainerWizard,2
Checks,2
dao.impl.DaoPackageImpl#getFolderDao(),2
drag,2
Clients,2
Windows,2
'<em><b>Connection</b></em>',2
dao.impl.DaoPackageImpl#getQuery(),2
<em>Container</em>}</li>,2
Factory</b>,2
<em>User</em>}</li>,2
'<em><b>Hibernate,2
value='@OnDelete(action,2
ContentObjectDao,2
dao.impl.DaoPackageImpl#getFunctionDao(),2
Management</em>}</li>,2
element;,2
(c),2
\co,\,2
\<b>Package</b>,\,2
<em>Snapshot</em>}</li>,2
ContainerWizard(SessionSourceProvider.CONTAINER_LIST);,2
<em>Level</em>}</li>,2
doSwitch(object)},2
Dir</em>}</li>,2
example,2
Relevant</em>}</li>,2
always,2
separated,2
'<em><b>Task</b></em>',2
IconFactory.getInstance().getCIco();,2
SnapshotDao,2
distributed,2
<em>Reviewed</em>}</li>,2
2011,2
'<em><b>Event</b></em>',2
\cvfo.getDifferenciator()+"\--"\\,2
here:,2
v1.0,2
logging,2
\@GeneratedValue(generator=\"\system-uuid\"\)\,2
Cursor,2
<p>This,2
CompareViewObject,2
Populate,2
does,2
specify,2
'<em><b>File</b></em>',2
<em>Dummy</em>}</li>,2
general.impl.GeneralPackageImpl#getContentObject(),2
dao.impl.DaoPackageImpl#getUser(),2
\"\snapshot"\\,2
GenericDao,2
refreshing,2
accessed,2
Database,2
command,2
cvfo.getFolder2().getLevel(),2
action,2
\information,\,2
<em>Version</em>}</li>,2
general.impl.GeneralPackageImpl#getConnection(),2
SWT,2
they,2
general.impl.GeneralPackageImpl#getdocumentType(),2
cvfo.getFolder2().getRootDirectory(),2
shorten,2
folder.setModfiedDate(null);,2
#init,2
general.impl.GeneralPackageImpl#getSnapshot(),2
break,2
general.impl.GeneralPackageImpl#getTask(),2
<em>Message</em>}</li>,2
<em>Finished</em>}</li>,2
\fonts,\,2
instead,2
dao.impl.DaoPackageImpl#getSnapshotDao(),2
session;,2
explicitly,2
open,2
end-,2
Checkes,2
operating,2
(warning:,2
\f.\"\functionid\"\\,2
responsible,2
(end-,2
+cvfo.getFolder2().getName(),2
accompanying,2
operations,2
folders2,2
accompanies,2
copied,2
value],2
http://www.eclipse.org/legal/epl-v10.html,2
\Creates,\,2
dao.impl.DaoPackageImpl#getFolder(),2
Util</b></em>',2
Connection,2
ColumnLabelProvider(),2
depends,2
managed,2
dao.impl.DaoPackageImpl#getFileFunctionStatusDao(),2
Its,2
folders.add(folder);,2
#init(),2
indents,2
general.impl.GeneralPackageImpl#getFileType(),2
general.impl.GeneralPackageImpl#getImage(),2
<p>Note:,2
dao.impl.DaoPackageImpl#getContainer(),2
#getSetting(),2
co.getFunction().remove(SessionSourceProvider.CURRENT_FUNCTION);,2
'<em><b>General,2
active,2
materials,2
<em>Date</em>}</li>,2
adapt,2
rights,2
archive,2
filters,2
See,2
\colors,\,2
\"\on\,2
dao.impl.DaoPackageImpl#getList(),2
dao.impl.DaoPackageImpl#getContentObjectDao(),2
String[],2
locker,2
proceeding,2
Synergy,2
subprojects,2
modification,2
those,2
\distribution,\,2
annotations,2
accessors,2
InputStream},2
1.3,2
properties,2
others,2
DataStore,2
persist,2
\project,\,2
dao.impl.DaoPackageImpl#getSessionFactory(),2
folderDao.create(folder);,2
synergy,2
ArrayList<ContentObject>();,2
ensures,2
general.impl.GeneralPackageImpl#getConnectionType(),2
registry,2
filter,2
Compare,2
\OnDeleteAction.CASCADE)'"\\,2
hibernate,2
non,2
empty,2
session);,2
<em>Project</em>}</li>,2
indicate,2
org.osgi.framework.BundleActivator#start(org.osgi.framework.BundleContext),2
SQL,2
member/subproject..,2
\singleton,\,2
managing,2
Update,2
result;,2
END,2
IMPORTANT,2
dao.impl.DaoPackageImpl#getSnapshot(),2
Obtain,2
initializes,2
symbolic,2
Specifying,2
go,2
#setComment(String),2
GridData.FILL;,2
dao.impl.DaoPackageImpl#getFileDao(),2
#setUsername(String),2
#setSuffix(String),2
selected,2
col.setLabelProvider(new,2
checked,2
<b>Adapter,2
propertyDescriptors,2
must,2
dao.impl.DaoPackageImpl#getConnectionDao(),2
directly,2
I,2
Icon,2
\switch,\,2
dummy,2
Application,2
worry,2
dao.impl.DaoPackageImpl#getSession(),2
RenameTitleAreaDialog,2
general.impl.GeneralPackageImpl#getMilestone(),2
snapshots,2
'<em><b>MKS</b></em>',2
SWT.NONE);,2
Queries</b></em>',2
Public,2
@parameter,2
activator,2
Dan,2
Copyright,2
below,2
org.osgi.framework.BundleActivator#stop(org.osgi.framework.BundleContext),2
save,2
#eNS_URI,2
program,2
#createPackageContents(),2
required,2
general.impl.GeneralPackageImpl#getEventType(),2
place,2
encoded,2
<em>Icon</em>}</li>,2
Task,2
either,2
.getImage(ISharedImages.IMG_OBJ_FILE);,2
enums,2
general.impl.GeneralPackageImpl#getQualityCriteria(),2
under,2
top,2
flag,2
general.impl.GeneralPackageImpl#getUser(),2
\init()},\,2
general.ContentObject#getFunction,2
etc,2
starting,2
bottom,2
Information,2
false;,2
i),2
cell,2
enableButtons();,2
things,2
Session</em>}</li>,2
\@Column(length=36)'"\\,2
(if,1
general.GeneralPackage#getFunction_Snapshot(),1
e),1
\--fields=field1[:width1],field2[:width2]..\,1
enabled,1
general.impl.ConnectionImpl#getPassword,1
indent,1
#MODEL_REVIEW,1
redraw,1
general.GeneralPackage#getContentObject_FullName(),1
\"\D:/temp/Synergy_client7103"\;\,1
dao.GenericDao#getPersistentClass(),1
#setEmail(String),1
general.ContentObject#getRelease(),1
general.impl.ConnectionImpl#getModified,1
\printed,\,1
(suffix.toLowerCase()),1
general.GeneralPackage#getEvent_EventId(),1
general.User#isDeleted(),1
Manning,1
mouseUp(MouseEvent,1
general.ContentObject#getObjectId(),1
snapshots.add(SessionSourceProvider.CURRENT_SNAPSHOT);,1
co),1
s.getComment();,1
SessionSourceProvider.CONTAINER_LIST,1
project:,1
general.impl.ConnectionImpl#isDeleted,1
general.impl.ConnectionImpl#getConnectionType,1
general.GeneralPackage#getUserList_Users(),1
Different,1
icon,1
general.GeneralPackage#getTask(),1
CLEAR,1
POJO,1
general.GeneralPackage#getUser_Deleted(),1
\[--fields=field1[:width1],field2[:width2]...]\,1
#SW_REQUIREMENTS_VALUE,1
\name="\Configuration_Management_Plan"\\,1
hibernate.cfg.xml,1
slow,1
general.impl.ContentObjectImpl#getModfiedDate,1
desc.setLabelProvider(new,1
comma,1
general.FileType#getSuffix(),1
general.GeneralPackage#getContainer_AddInfo2(),1
CREATE,1
\instanceClass="\general.User"\\,1
everything,1
folder.setPartOf(snapshot);,1
file-function,1
general.Event#getEventId(),1
detailTreeViewer.setInput(SessionSourceProvider.CURRENT_CONTAINER);,1
FunctionImpl,1
[--[no]failOnAmbiguousProject],1
general.Snapshot#isDeleted(),1
#setSnapshot(Snapshot),1
System.out.println(s);,1
\transient="\true"\\,1
general.Function},1
settingsTableViewer);,1
\name="\i"\\,1
j,1
\("\.ppt"\):\,1
general.impl.ContainerImpl#getModified,1
general.Event#isUserRelevant(),1
viewsandbox,1
dao.DaoPackage#getGeneralQueries(),1
treeViewerSnapshot.setLabelProvider(new,1
\"\where\,1
HandlerUtil.getActiveWorkbenchWindow(event).getActivePage().resetPerspective();,1
Object),1
\opposite="\source"\\,1
setPageComplete,1
presentation,1
snapshot's,1
format:,1
\name="\SW_Architecture"\\,1
general.Function#getFunctionId(),1
\file,\,1
projects;,1
updateRootObject(root);,1
general.GeneralPackage#getFile(),1
f.getFullName().equals(root.getFullName())),1
Tue,1
/**,1
\instanceClass="\general.Container"\\,1
{project},1
general.Connection#getModified(),1
[--devpath=path],1
\listMany="\false"\\,1
following:,1
s.getName();,1
\<code>"\null"\</code>\,1
general.GeneralPackage#getContainer_AddInfo3(),1
general.impl.FolderImpl#getRootDirectory,1
enable,1
#SYSTEM_INTEGRATION_TEST_SPECIFICATION_VALUE,1
\createTableViewerColumn(titles[1],\,1
#NA_VALUE,1
FileTypeImpl,1
folder.setLevel(,1
\org.eclipse.ui.views.properties.IPropertySource#setPropertyValue(java.lang.Object,\,1
value='@GenericGenerator(name,1
(java.util.List<ContentObject>,1
PreferencePage#createContents(Composite),1
createSettingsViewer(parent);,1
JDBC,1
eimage,1
URL,1
allow,1
session.saveOrUpdate(newFFS);,1
show,1
general.impl.UserImpl#getPassword,1
general.impl.ConnectionImpl#getConnectionId,1
#SYSTEM_TEST_SPECIFICATION_IN_DOORS,1
general.GeneralPackage#getEvent_Message(),1
\turn,\,1
Ben,1
b,1
\instanceClass="\general.Snapshot"\\,1
--lockRecordFormat,1
#O_VALUE,1
\name="\B_SAMPLE"\\,1
#X_VALUE,1
general.impl.ConnectionImpl#getAddInfo1,1
Options,1
workbench,1
Sandbox;,1
GridItem,1
general.GeneralPackage#getFileFunctionStatus_OfFile(),1
\viewprefs,\,1
wi.getContext();,1
datamodel,1
configuration,1
general.impl.DataSourceImpl#getSetting,1
identify,1
#setRating(QualityCriteria),1
<b>teneo.jpa</b>,1
us,1
support,1
#SW_REQUIREMENTS_TEST_SPECIFICATION_VALUE,1
Path,1
\folder.setName("\root"\);\,1
SWT/JFace,1
labelsOut,1
exists),1
\name="\A_SAMPLE"\\,1
\cf.\"\function_functionid\"\\,1
getFFSStatusImage,1
2007,1
general.impl.ConnectionImpl#getLastUsed,1
\#getPluginImageDescriptor(String,\,1
general.impl.EventImpl#getUser,1
SWT.FULL_SELECTION);,1
Combo,1
\"\contentobject"\\,1
#setFinished(boolean),1
strategy,1
out,1
#TEST_PLAN_VALUE,1
session-factory,1
#setSessionFactory(SessionFactory),1
\Criteria</b></em>',\,1
#setIcon(Image),1
separator,1
general.GeneralPackage#getContainer(),1
#SOFTWARE_TEST_PLAN_VALUE,1
dao.DaoPackage#eNS_URI,1
0);,1
member’s,1
gridData.horizontalSpan,1
coDao,1
general.impl.CheckInMilestoneImpl#getCheckInMilestoneId,1
\name="\SW_Integration_Test_Report"\\,1
\.setParameter("\function"\,\,1
root),1
general.impl.FileTypeImpl#getDescription,1
general.GeneralPackage#getFileType_FileTypeId(),1
\statuses,\,1
dao.DaoPackage#getHibernateUtil(),1
general.impl.ContentObjectImpl#getVersion,1
Maybe,1
Font}'s,1
createRootDirectory(String,1
\abstract="\true"\\,1
memberarchive,1
[--filter=filteroptions],1
general.Container#getAddInfo2(),1
general.GeneralPackage#getSessionSatus_SynergySession(),1
2;,1
231,1
Objects,1
desired,1
FileImpl,1
publish,1
\name="\Generic_Function__SRS"\\,1
e.setUser(SessionSourceProvider.USER);,1
GeneralPackage,1
general.impl.CheckInMilestoneImpl#getContainer,1
OSGI,1
DaoPackage,1
general.GeneralPackage#getContainer_Owner(),1
#MKS,1
Configuration().configure().buildSessionFactory();,1
file2);,1
Methods,1
parent.getShell();,1
descending,1
\s."\connection_via_connectionid"\\,1
#setOfFile(ContentObject),1
general.GeneralPackage#getEvent_Type(),1
#setContainer(Container),1
null);,1
\commands,\,1
wi.getFields();,1
optional,1
#G70_VALUE,1
nameDescriptor,1
\dataType="\dao.Session"\\,1
UserDao,1
general.ContentObject#isDummy(),1
able,1
general.GeneralPackage#getCheckInMilestone_Milestone(),1
general.GeneralPackage#getEvent(),1
\name="\System_Architecture_Document_"\\,1
nebula,1
our,1
prevents,1
future,1
allocate,1
\dataType="\general.Image"\\,1
#NA,1
ones,1
ascending,1
currently,1
\coDao.deleteFunctionFromCo(SessionSourceProvider.CURRENT_FUNCTION,\,1
Adding,1
gridData.verticalAlignment,1
\("\.doc"\):\,1
timestamp,1
general.impl.FileTypeImpl#getSuffix,1
\<code>"\true"\</code>\,1
\commentDescriptor.setCategory("\Snapshot"\);\,1
'c0eb818d-f530-43e9-b309-8ef1b7c81868',1
general.GeneralPackage#getFileType_Description(),1
Configure,1
dialect,1
#MISRA_LINT_CODE_CHECK_CHECK_LIST_VALUE,1
-g,1
spaces,1
general.Event#getUser(),1
#MISRA_LINT_CODE_CHECK_CHECK_LIST,1
Passing,1
Model,1
general.Snapshot#getComment(),1
general.GeneralPackage#getFunction_OverallStatus(),1
#GENERIC_FUNCTION_SRS_VALUE,1
\"\|getId"\;\,1
directories,1
<em>Query</em>}',1
When,1
java.lang.Object),1
folder.setName(project);,1
general.GeneralPackage#getDataSource_Name(),1
general.impl.ContainerImpl#getAddInfo3,1
snapshotDao,1
additional,1
repeating,1
M:\pmtqtools\Admin\BeyondCompare\Beyond,1
#ERROR,1
subclassing,1
\instanceClass="\org.hibernate.Query"\\,1
\name="\SW_Project_Plan"\\,1
general.GeneralPackage#getContainer_ContainerId(),1
OF,1
\name="\Warning"\\,1
dao.DaoPackage#getFolderDao(),1
#setOfFunction(Function),1
#PROJECT_LINT_REPORT_VALUE,1
general.FileFunctionStatus#getUpToDate(),1
general.GeneralPackage#getTask_Owner(),1
Criteria</em>',1
recreated,1
general.GeneralPackage#getContentObject_Level(),1
HIBERNATE_SESSION,1
general.GeneralPackage#getDataSource_AddInfo1(),1
\setErrorMessage("\There\,1
#setSynergySession(String),1
Field,1
02:40:39,1
general.DataSource#getSetting(),1
dao.DaoPackage#getContentObjectDao(),1
#setObjectName(String),1
then,1
#setMksStatus(boolean),1
red,1
general.impl.TaskImpl#getOwner,1
\MultiStatus(dummyPlugin,\,1
\TableViewerColumn(settingsTableViewer,\,1
#SW_REQUIREMENTS_TEST_REPORT,1
general.GeneralPackage#getDataSource_Modified(),1
Each,1
dao.DaoPackage#getConnectionDao(),1
\name="\Lessons_Learned_"\\,1
general.FileFunctionStatus#getFileFunctionStatusId(),1
#SYNERGY,1
general.impl.FileFunctionStatusImpl#getUpToDate,1
general.GeneralPackage#getConnection_Project(),1
file|--selectionFile=file)],1
\hibernateProperties.setProperty(Environment.USER,\,1
\name="\SW_Unit_test_Report"\\,1
general.Function#getName(),1
[--settingsUI=[gui|default]],1
general.Snapshot#getSnapshotId(),1
#SW_METRICS,1
SamplePropertyPage,1
};,1
general.impl.FileFunctionStatusImpl#getRating,1
\.setParameter("\mother"\,\,1
#setProject(String),1
#CUSTOMER_REQUIREMENTS_SPECIFICATION,1
getting,1
general.impl.FileFunctionStatusImpl#getConfigurationManagement,1
general.Event#getSource(),1
general.impl.FileFunctionStatusImpl#getReviewed,1
general.GeneralPackage#getContentObject_ObjectId(),1
(in,1
#setUser(User),1
0;,1
dirty,1
general.impl.FunctionImpl#getCreated,1
ends,1
[(-R|--[no|confirm]recurse)],1
\dataType="\dao.SessionFactory"\\,1
MultiStatus,1
#ASAMPLE_VALUE,1
dao.impl.GenericDaoImpl#getSession,1
general.FileType#getName(),1
means,1
locks,1
1234567891011,1
general.GeneralPackage#getFunction_Deleted(),1
HSQLDB,1
contentObjects;,1
Date();,1
assigned,1
archiveshared,1
general.GeneralPackage#getDataSource_DataSourceId(),1
general.GeneralPackage#getFolder_RootDirectory(),1
\field1[:width1],field2[:width2]...\,1
log,1
uidu1448,1
general.impl.ConnectionImpl#getDatabase,1
\shared-build-subproject,\,1
general.GeneralPackage#getAdaptableClass(),1
flags,1
resultset,1
general.impl.EventImpl#getEventId,1
#SW_PROJECT_PLAN_VALUE,1
general.Container#getOwner(),1
\("\.jpg"\):\,1
CPID,1
<em>List</em>}',1
general.Task#isFinished(),1
memberrevOut,1
hostname,1
general.impl.FunctionImpl#isDeleted,1
\AssignFunctionViewMethods.getInstance().getContentObject(session,\,1
membertimestamp,1
#ERROR_VALUE,1
column.setText(string);,1
#setModfiedDate(Date),1
general.GeneralPackage#getFileFunctionStatus_Reviewed(),1
activitySupport,1
\System.out.println("\no\,1
FolderDao,1
adds,1
SessionSourceProvider.CURRENT_FUNCTION.getFunctionId(),1
System.out);,1
#G50_VALUE,1
universal,1
#BIDIRECTIONAL_TRACEABILITY_SYSTEM_REQU_SYSTEM_TC_VALUE,1
keywords,1
typeOut,1
Temp,1
arrays,1
[(-P,1
Open,1
hashcode,1
aspects,1
source,1
general.User#getUserId(),1
#G60_VALUE,1
general.impl.ContainerImpl#getOwner,1
#SOFTWARE_QUALITY_ASSURANCE_PLAN_VALUE,1
#X,1
settingsTableViewer.getControl().setLayoutData(gridData);,1
%objectname#%type#%displayname#%modify_time#%version#%status#%release#%name,1
System.err.println(,1
System.out.println(v);,1
general.FileFunctionStatus#getSetOn(),1
#I_VALUE,1
End,1
Using,1
\name="\Software_Integration_Plan"\\,1
general.GeneralPackage#getContentObject_Function(),1
th,1
#G30_VALUE,1
#SYSTEM_ARCHITECTURE_DOCUMENT_,1
org.eclipse.ui.plugin.AbstractUIPlugin#start(org.osgi.framework.BundleContext),1
\\"\contentobject\"\\,1
full,1
\"\Several\,1
On,1
#PROJECT_RISK_LIST_VALUE,1
HibernateUtilImpl,1
SWT.NONE,1
[--height=value],1
colNumber),1
\"\connection"\\,1
DaoSwitch,1
#ADDITIONAL2,1
general.impl.ConnectionImpl#getRelease,1
#setAddInfo4(String),1
#setPersistentClass(Class),1
clears,1
Fix,1
\cf."\contentobject_objectid"\)\,1
convertion,1
\delete"\);\,1
#SYSTEM_CONFIGURATION_MANAGEMENT_PLAN,1
Owner,1
general.DataSource#getCreated(),1
#setPartOf(Container),1
\session.get(Function.class,\,1
\text_1.addListener(SWT.Modify,\,1
Mar,1
general.impl.FunctionImpl#getOverallStatus,1
general.GeneralPackage#getSnapshot_Name(),1
between:,1
general.impl.CheckInMilestoneImpl#getFileStatus,1
binding,1
#CHANGE_MANAGEMENT_WITH_MKS_YN_VALUE,1
rgb,1
basically,1
p,1
SelectionEvent,1
EventImpl,1
.executeUpdate();,1
Color}'s,1
\lock,\,1
#G30,1
general.impl.FileImpl#getSuffix,1
:file,1
provider,1
\"\project"\\,1
error,1
17,1
#SW_PROJECT_SCHEDULE,1
{lockcpid},1
(Field),1
\resources,\,1
SelectionAdapter(),1
#SW_TEST_SUMMARY_REPORT__VALUE,1
general.Connection#getPassword(),1
#SW_RELEASE_NOTE,1
#setDbStatus(boolean),1
root;,1
general.impl.DataSourceImpl#getDataSourceId,1
#WARNING_VALUE,1
general.GeneralPackage#getContentObject_Name(),1
#G50,1
ofFunction,1
\"\More\,1
Old,1
general.GeneralPackage#getUser_UserId(),1
field.getValueAsString();,1
settingsTableViewer,1
[(-g|--gui)],1
\bounds[1],\,1
settingsTableViewer.setInput(snapshots.toArray());,1
remote://,1
e.printStackTrace();,1
Used,1
\bounds[0],\,1
\cf."\function_functionid"\\,1
general.GeneralPackage#getFileType(),1
applies,1
general.Container#getContainerId(),1
idOut,1
match,1
general.GeneralPackage#getFileFunctionStatus_Required(),1
general.impl.SessionSatusImpl#getSynergySession,1
without,1
Date());,1
#G90,1
general.GeneralPackage#getContentObject_ModfiedDate(),1
different,1
rootDirectory,1
pixels),1
\\"\function\"\\,1
\interface="\true"\\,1
Root,1
literals;,1
ofFile,1
general.impl.ContainerImpl#getAddInfo1,1
general.Snapshot#getCreated(),1
\instanceClass="\org.eclipse.swt.graphics.Image"\\,1
general.impl.ContentObjectImpl#getLevel,1
\default="\true"\\,1
enabledActivities,1
id.equals(PROPERTY_COMMENT)),1
general.GeneralPackage#getTask_TaskId(),1
general.GeneralPackage#getFileFunctionStatus_Rating(),1
displaying,1
#SOFTWARE_QUALITY_ASSURANCE_PLAN,1
general.Task#getCreated(),1
general.Connection#getCreated(),1
UserImpl,1
ArrayList<Snapshot>();,1
UserDaoImpl,1
flip,1
[--hostname=server],1
FileFunctionStatusDao,1
\"\com.amenity.rcp.ui.views.ContainerView"\;\,1
gridData.grabExcessHorizontalSpace,1
happen,1
\session.createQuery("\delete\,1
\name="\x"\\,1
\instanceClass="\org.hibernate.Session"\\,1
--,1
GenericNameLabelProvider());,1
general.Connection#getUsername(),1
GeneralQueries,1
grid.clearAll(true);,1
\"\|getDisplayId"\;\,1
general.impl.ContainerImpl#getCreated,1
\name="\System_Test_Specification_in_DOORS"\\,1
\"\older"\\,1
#G60,1
keys,1
GeneralQueriesImpl,1
\createTableViewerColumn(titles[0],\,1
\@SuppressWarnings("\unchecked"\)\,1
viewerColumn.getColumn();,1
#SW_UNIT_TEST_REPORT_VALUE,1
general.Connection#getConnectionId(),1
general.GeneralPackage#getContainer_Name(),1
general.impl.SnapshotImpl#getCreated,1
\name="\Software_Quality_Assurance_Report"\\,1
super.buttonPressed(buttonId);,1
counter,1
#setConfigurationManagement(QualityCriteria),1
CO,1
\session.createSQLQuery("\select\,1
config.c,1
make,1
#LESSONS_LEARNED_,1
\Boolean,\,1
general.Container#getModified(),1
strip,1
#SW_REQUIREMENTS_TEST_REPORT_VALUE,1
general.Event#getDate(),1
share,1
Same,1
UserListImpl,1
IActivityManager,1
\name="\Bidirectional_traceability_System_Requ_System_TC"\\,1
Exception,1
general.GeneralPackage#getUser(),1
#GENERIC_FUNCTION_SRS,1
yes,1
3\BCompare.exe,1
BundleContext,1
#setSession(Session),1
fields.next();,1
#BIDIRECTIONAL_TRACEABILITY_SYSTEM_REQU_SYSTEM_TC,1
general.impl.SnapshotImpl#getName,1
life,1
SessionSourceProvider.CURRENT_SNAPSHOT.setVia(current_connection);,1
#ADDITIONAL_VALUE,1
\value='@Column(length=65535)'"\\,1
general.CheckInMilestone#getContainer(),1
column.setMoveable(true);,1
#SOFTWARE_QUALITY_ASSURANCE_REPORT_VALUE,1
general.GeneralPackage#getFunction_Name(),1
[(-Y|--yes)],1
fired,1
newer,1
IconFactory.getInstance().getCompressedIco();,1
IDs,1
general.Container#getCreated(),1
general.File#getStatus(),1
defines,1
combo.addMouseListener(new,1
{locktype},1
general.GeneralPackage#getConnection_Database(),1
general.GeneralPackage#getEvent_Date(),1
general.impl.FileTypeImpl#getName,1
general.impl.ConnectionImpl#getCreated,1
general.GeneralPackage#getConnection_LastUsed(),1
wasn't,1
--[no]filterSubs,1
multi,1
'bf46dd71-4f87-4d9b-8e96-4a5b97a9f024',1
[--[no]persist],1
ist,1
gd,1
#SYSTEM_ARCHITECTURE_DOCUMENT__VALUE,1
general.Connection#getAddInfo2(),1
gridData,1
rootMenuManager,1
\{100,\,1
Enum,1
EPackages,1
System.out.println(element.toString());,1
Resultset,1
general.User#getTimesUsed(),1
general.GeneralPackage#getConnection_AddInfo1(),1
TEST,1
general.GeneralPackage#getConnection_ConnectionType(),1
#SW_RELEASE_NOTE_VALUE,1
#G55,1
general.FileFunctionStatus#getRating(),1
general.impl.EventImpl#getMessage,1
general.Container#getAddInfo1(),1
#SW_METRICS_VALUE,1
#SDD,1
\name="\Change_Management_Report"\\,1
general.impl.ConnectionImpl#getUsername,1
\("\.pdf"\):\,1
general.ContentObject#getVersion(),1
folder;,1
[--lockRecordFormat=value],1
recurse,1
project),1
'<em>Quality,1
forces,1
something,1
Cancel,1
Viewer,1
\instanceClass="\general.Folder"\\,1
settingsTableViewer.getTable();,1
Windows-specific,1
[--user=name],1
wi.getDisplayId();,1
filling,1
[--width=value],1
general.GeneralPackage#getEvent_UserRelevant(),1
Manual,1
java.util.List<ContentObject>,1
temporary,1
analysis,1
property,1
#setMilestone(Milestone),1
Icons,1
[--password=password],1
dao.impl.HibernateUtilImpl#getSessionFactory,1
Testing,1
ensure,1
#SC_PDP_VALUE,1
general.DataSource#getAddInfo2(),1
tableViewer.refresh();,1
general.ContentObject#getFunction(),1
progressBar,1
solve,1
#G90_VALUE,1
general.Snapshot#getName(),1
7,1
pendingcpid,1
#setType(documentType),1
general.GeneralPackage#getContentObject_Dummy(),1
\grid,\,1
TableColumn,1
\name="\Error"\\,1
ContainerImpl,1
CEST,1
general.impl.DataSourceImpl#getAddInfo1,1
#REQUIREMENTS_ENGINEERING_WITH_DOORS_YN_VALUE,1
general.Connection#getAddInfo1(),1
\("\.java"\):\,1
http://blog.eclipse-tips.com/2009/08/remember-state.html,1
\bound,\,1
#getHibernateUtil(),1
session.saveOrUpdate(cvo.getFile1());,1
who,1
\#getPluginImage(String,\,1
general.impl.ConnectionImpl#getAddInfo4,1
ccmIniFile,1
#SYSTEM_REQUIREMENTS_SPECIFICATION_VALUE,1
\opposite="\setting"\\,1
general.GeneralPackage#getFileFunctionStatus_Comment(),1
general.documentType},1
[-x,1
general.GeneralPackage#getConnection_AddInfo4(),1
printing,1
general.impl.FileTypeImpl#getFileTypeId,1
activityManager,1
revisions,1
\"\M:\\pmtqtools\\Synergy71\\Synergy_client7103\\bin\\ccm"\;\,1
\"\jdbc:hsqldb:hsql://localhost/amenity"\);\,1
dao.DaoPackage#getHibernateUtil_SessionFactory(),1
entirely,1
FileTypes,1
EventDao,1
FileFunctionStatusImpl,1
general.GeneralPackage#getSnapshot(),1
\name="\SW_Test_Summary_Report_"\\,1
Build,1
general.GeneralPackage#getUser_TimesUsed(),1
general.impl.DataSourceImpl#getCreated,1
\"\--"\+cvo.getFile2().getName()+"\--"\+cvo.getDifferenciator()+"\--"\);\,1
computer,1
configurer.setSaveAndRestore(true);,1
[(-F,1
real-time,1
general.impl.FileImpl#getStatus,1
contentObjectsWithFunction,1
Created,1
better,1
viewing,1
general.User#getPassword(),1
general.GeneralPackage#getConnection_Source(),1
{hasdevpath},1
timeout,1
'<em><b>Adaptable,1
rebuilding,1
GenericDaoImpl,1
dao.DaoPackage#getFileDao(),1
general.Connection#getDatabase(),1
#setCreationDate(Date),1
#SW_UNIT_TEST_SPECIFICATION__VALUE,1
Widths,1
general.impl.DataSourceImpl#getAddInfo3,1
dao.DaoFactory,1
general.GeneralPackage#getQualityCriteria(),1
association,1
folder.setRootDirectory(folder);,1
PREFERENCES,1
aren't,1
dao.DaoPackage#getUserDao(),1
dao.DaoPackage#getFileFunctionStatusDao(),1
general.impl.FileTypeImpl#getIcon,1
SYNOPSIS,1
execution,1
fields.hasNext(),1
DaoPackage#eINSTANCE},1
dao.impl.GenericDaoImpl#getPersistentClass,1
List<SynergyProject>,1
\name="\Software_Quality_Assurance_Plan"\\,1
general.Snapshot#getVia(),1
#REQUIREMENTS_ENGINEERING_WITH_DOORS_YN,1
general.Task#getTaskId(),1
default:,1
widgetSelected,1
#G55_VALUE,1
getViewSite().getActionBars().getMenuManager();,1
diagnostics,1
general.GeneralPackage#getConnectionType(),1
general.DataSource#getAddInfo1(),1
general.GeneralPackage#getConnection(),1
production,1
general.DataSource#getDataSourceId(),1
general.GeneralPackage#getContainer_OwnerId(),1
dao.HibernateUtil#getSessionFactory(),1
\name="\SW_Release_Note"\\,1
ArrayContentProvider());,1
general.impl.SnapshotImpl#getSnapshotId,1
#SW_ARCHITECTURE_VALUE,1
{revision},1
#SOFTWARE_INTEGRATION_PLAN_VALUE,1
general.GeneralPackage#getUser_Username(),1
5,1
\dataType="\dao.Folder"\\,1
#setFullName(String),1
#CHANGE_MANAGEMENT_PLAN_VALUE,1
project|--project=project)],1
\name="\SW_Unit_Test_Specification_"\\,1
across,1
Option(,1
ContentObjectDaoImpl,1
(Plain,1
activitySupport.getActivityManager();,1
[ERROR]#13.03.2012,1
column.setWidth(bound);,1
Aug,1
general.GeneralPackage#getConnection_AddInfo2(),1
#MKS_VALUE,1
repository,1
#CUSTOMER_REQUIREMENTS_SPECIFICATION_VALUE,1
statuses[1],1
GeneralFactoryImpl,1
//$NON-NLS-2$,1
org.eclipse.ui.plugin.AbstractUIPlugin#stop(org.osgi.framework.BundleContext),1
general.impl.FileFunctionStatusImpl#getOfFile,1
important,1
identifies,1
general.GeneralPackage#getUser_Password(),1
general.impl.TaskImpl#isFinished,1
#CONFIGURATION_MANAGEMENT_PLAN,1
than,1
dao.DaoPackage#getContainerDao(),1
general.GeneralPackage#getEvent_Source(),1
general.impl.EventImpl#getType,1
general.Connection#getProject(),1
search,1
general.impl.FileFunctionStatusImpl#getComment,1
general.GeneralPackage#getContentObject_Version(),1
btnModify.addSelectionListener(new,1
[(-?|--usage)],1
general.Event#getMessage(),1
contentObjects,1
general.GeneralPackage#getEventType(),1
general.GeneralPackage#getConnection_AddInfo3(),1
\name="\System_Integration_Test_Specification"\\,1
general.impl.FileFunctionStatusImpl#getType,1
subproject;,1
c.setName(text.getText());,1
general.Function#getCreated(),1
Internal,1
exit,1
{hassandbox},1
\"\Date"\\,1
[-y,1
general.GeneralPackage#getFunction(),1
general.GeneralPackage#eNS_URI,1
cycle,1
general.GeneralPackage#getdocumentType(),1
update,1
look,1
subproject,1
\height,\,1
non-exclusive),1
{hascpid},1
general.impl.TaskImpl#getTaskId,1
--lockRecordFormat=value,1
general.impl.DataSourceImpl#getModified,1
#setLevel(int),1
#HWSW_INTERFACE_SHEET_VALUE,1
temp,1
other,1
encoding,1
VIA,1
general.GeneralPackage#getCheckInMilestone_FileStatus(),1
label,1
\name="\Change_Management_Plan"\\,1
general.impl.ContentObjectImpl#getFunction,1
\("\-"\):\,1
general.GeneralPackage#getTask_Finished(),1
@wbp.parser.constructor,1
{locktimestamp},1
snapshotDao.update(SessionSourceProvider.CURRENT_SNAPSHOT);,1
#CHANGE_MANAGEMENT_REPORT,1
\Status(IStatus.INFO,\,1
DaoFactory.eINSTANCE.createSnapshotDao();,1
\createSnapshotColumns(parent,\,1
\occurred."\,\,1
general.impl.SnapshotImpl#getComment,1
dao.DaoPackage#getFunctionDao(),1
#SYSTEM_TEST_SPECIFICATION_IN_DOORS_VALUE,1
general.impl.FileFunctionStatusImpl#getOfFunction,1
customize,1
#setRootDir(Folder),1
general.GeneralPackage#getSnapshot_Created(),1
#setRootDirectory(Folder),1
SWT.MULTI,1
RGB},1
\c."\connectionid"\\,1
FunctionAssigned());,1
[--status=[none|gui|default]],1
multiStatus,1
general.GeneralPackage#getUser_LastUsed(),1
reason,1
containers,1
redirects,1
updateRootObject(Folder,1
lockrecord,1
memberdescription,1
#SYNERGY_VALUE,1
Instance,1
\co.\"\objectid\"\\,1
general.impl.ContainerImpl#getOwnerId,1
HandlerUtil,1
\name="\Additional2"\\,1
general.GeneralPackage#getFileFunctionStatus_UpToDate(),1
constants,1
ContainerLabelProvider());,1
\hibernateProperties.setProperty(Environment.URL,\,1
DaoAdapterFactory,1
general.impl.ConnectionImpl#getProject,1
general.Connection#isDeleted(),1
\("\.zip"\):\,1
#SW_PROJECT_PLAN,1
hiding,1
\name="\Software_Test_Plan"\\,1
#SW_PROJECT_SCHEDULE_VALUE,1
\co2,\,1
GeneralFactory.eINSTANCE.createEvent();,1
general.GeneralPackage#getCheckInMilestone_Container(),1
ConnectionDaoImpl,1
\.openPage("\com.amenity.workbench.ShowSnapshotPerspective"\,\,1
host,1
DaoFactoryImpl,1
\:mother"\\,1
#setVersion(String),1
{hostname},1
[--[no]batch],1
r,1
\"\|getModelType"\;\,1
general.FileFunctionStatus#getOfFile(),1
general.GeneralPackage#getDataSource_AddInfo2(),1
views,1
settingsTable.setLayoutData(BorderLayout.CENTER);,1
<code>'/'</code>,1
IMenuManager,1
general.DataSource#getAddInfo3(),1
#setSource(String),1
general.impl.CheckInMilestoneImpl#getMilestone,1
\\"\uuid2\"\)'"\\,1
Exit,1
available:,1
[--cwd,1
\PluginResourceProvider},\,1
login,1
Nice,1
\co."\objectid"\\,1
general.Container#getOwnerId(),1
#setUpToDate(QualityCriteria),1
general.GeneralPackage#getFile_CreationDate(),1
\shared-variant-subproject,\,1
pending,1
(List<ContentObject>),1
GridData,1
general.impl.SessionSatusImpl#isMksStatus,1
general.GeneralPackage#getFileType_Suffix(),1
|,1
general.GeneralPackage#getFileFunctionStatus_SetOn(),1
#ADDITIONAL2_VALUE,1
\name="\SW_Requirements_Test_Specification"\\,1
DIAGNOSTICS,1
changes,1
general.impl.SessionSatusImpl#isDbStatus,1
general.GeneralPackage#getFileFunctionStatus_ConfigurationManagement(),1
Generic,1
general.GeneralPackage#getConnection_PartOf(),1
related,1
indicates,1
SnapshotImpl,1
();,1
general.impl.ContainerImpl#getName,1
\"\M:\\pmtqtools\\Synergy71\\Synergy_client7105"\;\,1
gd.create(e);,1
{devpath},1
\creating,\,1
text.setText(combo.getItem(combo.getSelectionIndex()).toString(),1
connect.txt,1
#setReviewed(QualityCriteria),1
query,1
\'"\\,1
createRootDirectory(connection.getProject());,1
Set<String>,1
(activityManager.getActivity(id).isDefined()),1
existent,1
CheckInMilestone,1
general.DataSource#getName(),1
general.impl.UserImpl#getTimesUsed,1
--gui,1
due,1
dao.DaoPackage#getEventDao(),1
\ResponseUtil.printResponse(ae.getResponse(),\,1
IWorkbenchActivitySupport,1
general.impl.ConnectionImpl#getAddInfo3,1
\default="\null"\\,1
perspectives,1
general.GeneralPackage#getDataSource_Setting(),1
\("\.docx"\):\,1
\c."\container_partof_containerid"\\,1
yet,1
*/,1
\name="\SW_Requirements"\\,1
general.GeneralPackage#getFileFunctionStatus_FileFunctionStatusId(),1
Priority),1
general.GeneralPackage#getConnection_Deleted(),1
#CHANGE_MANAGEMENT_PLAN,1
\name="\HWSW_Interface_Sheet"\\,1
hbm.xml,1
request,1
Two,1
CheckInMilestoneImpl,1
general.impl.ConnectionImpl#getSource,1
#SW_REQUIREMENTS_TEST_SPECIFICATION,1
pretty..,1
general.GeneralPackage#getDataSource_Created(),1
file2,1
#G40_VALUE,1
general.Task#getOwner(),1
drags,1
Multiple,1
#SW_INTEGRATION_TEST_REPORT,1
\name="\System_Configuration_Management_Plan"\\,1
finished,1
dialog.open();,1
keywords:,1
general.GeneralPackage#getContentObject(),1
Side,1
gives,1
co.getFunction().add(SessionSourceProvider.CURRENT_FUNCTION);,1
#setType(String),1
newly,1
\hibernateProperties.setProperty(Environment.DRIVER,\,1
newrevdelta,1
--[no]persist,1
general.impl.ContentObjectImpl#getFullName,1
modified,1
fillActionBars,1
parentOut,1
05,1
context,1
EXE,1
FileDaoImpl,1
snapshottreeviewer,1
\name="\Change_Management_with_MKS_yn"\\,1
View,1
general.FileType#getIcon(),1
\"\contentobject_function"\\,1
FETCH,1
Experimenting,1
general.Function#getOverallStatus(),1
general.SessionSatus#getSynergySession(),1
getSite().setSelectionProvider(settingsTableViewer);,1
\\"\contentobject_function\"\\,1
general.impl.DataSourceImpl#getAddInfo2,1
#setTimesUsed(int),1
previously,1
\"\sa"\);\,1
build,1
14.03,1
much,1
activitySupport.setEnabledActivityIds(enabledActivities);,1
stateOut,1
\name="\Project_LINT_Report"\\,1
general.GeneralPackage#getSnapshot_Deleted(),1
Option,1
11,1
#BLANK,1
\path,\,1
Under,1
GRID,1
sName;,1
general.impl.FunctionImpl#getModified,1
EventDaoImpl,1
general.Task#getDescription(),1
\session.get(ContentObject.class,\,1
#setStatus(String),1
\fields,\,1
setprefs,1
general.GeneralPackage#getConnection_Created(),1
general.Container#isDeleted(),1
CO1,1
children,1
For,1
general.impl.UserImpl#isDeleted,1
still,1
entering,1
general.GeneralPackage#getFileFunctionStatus_OfFunction(),1
f1,1
co2,1
\("\.h"\):\,1
want,1
colors,1
general.GeneralPackage#getFile_Status(),1
components,1
\"\Name"\\,1
combobox,1
general.Function#getSnapshot(),1
6,1
\("\.txt"\):\,1
\dummyPlugin,\,1
general.GeneralPackage#getFileType_Name(),1
general.User#getEmail(),1
general.GeneralPackage#getContainer_Modified(),1
#SDD_VALUE,1
iterated,1
general.GeneralPackage#getDataSource(),1
\name="\Information"\\,1
loading,1
general.impl.FileImpl#getRootDir,1
#INFORMATION_VALUE,1
\SessionSourceProvider.CURRENT_CONTAINER,\,1
supporting,1
general.Connection#getAddInfo4(),1
general.impl.ContainerImpl#isDeleted,1
becomes,1
FILL_PROXY,1
GeneralSwitch,1
application's,1
general.GeneralPackage#getFile_Suffix(),1
Composite,1
rsArray[2].toString().trim();,1
GeneralPackageImpl,1
\type,\,1
type#date#source#description#userrelevant,1
#SOFTWARE_TEST_PLAN,1
general.impl.FileFunctionStatusImpl#getSetOn,1
FileDao,1
general.GeneralPackage#getEvent_User(),1
connection.getProject(),1
\API,\,1
DaoFactory.eINSTANCE.createGenericDao();,1
general.Connection#getSource(),1
process,1
dao.DaoPackage#getGenericDao_PersistentClass(),1
general.impl.DataSourceImpl#getName,1
dao.DaoPackage#getGenericDao(),1
100};,1
disposing,1
sComment;,1
reads,1
{sandbox},1
populated,1
PROPERTY_NAME,1
general.GeneralPackage#getConnection_Modified(),1
general.impl.ConnectionImpl#getPartOf,1
name..,1
general.impl.FileFunctionStatusImpl#getFileFunctionStatusId,1
#getUserList(),1
=>,1
general.CheckInMilestone#getMilestone(),1
#HWSW_INTERFACE_SHEET,1
general.GeneralPackage#getContentObject_PartOf(),1
Member,1
saveDataToModel();,1
#ADDITIONAL,1
#I,1
#SW_INTEGRATION_TEST_REPORT_VALUE,1
session.clear();,1
general.User#getLastUsed(),1
createTableViewerColumn(String,1
general.GeneralPackage#getFile_ObjectName(),1
#setUserRelevant(boolean),1
\name="\Customer_Requirements_Specification"\\,1
GeneralFactory,1
Sat,1
modifyable,1
general.impl.FunctionImpl#getSnapshot,1
associations,1
general.UserList#getUsers(),1
general.impl.EventImpl#getDate,1
general.GeneralPackage#getFunction_FunctionId(),1
Save,1
general.Connection#getPartOf(),1
\"\\"\%userprofile%\\ccm71.ini\"\"\;\,1
\"\and\,1
paths,1
\\"\system-uuid\"\,\,1
general.impl.FileImpl#getCreationDate,1
[--[no]filterSubs],1
general.GeneralPackage#getSessionSatus_MksStatus(),1
general.impl.TaskImpl#getDescription,1
general.GeneralPackage#getDataSource_AddInfo3(),1
general.GeneralPackage#getFileFunctionStatus_Type(),1
Disable,1
general.GeneralPackage#getConnection_Password(),1
viewer's,1
#SW_INTEGRATION_TEST_SPECIFICATION_,1
#SW_ARCHITECTURE,1
general.GeneralPackage#getSnapshot_Via(),1
strictly,1
general.FileFunctionStatus},1
usual,1
settingsTable2),1
#CSAMPLE_VALUE,1
maybe,1
general.FileFunctionStatus#getOfFunction(),1
#setOwnerId(String),1
co.getObjectId());,1
errors,1
being,1
updates,1
own,1
general.GeneralPackage#getFolder(),1
teneo.jpa,1
#SW_TEST_SUMMARY_REPORT_,1
\btnModify.setText("\Rename"\);\,1
i++;,1
\"\from\,1
general.CheckInMilestone#getCheckInMilestoneId(),1
e.setDate(new,1
SESSION_FACTORY_EDEFAULT,1
Here,1
#TEST_PLAN,1
Review,1
<>,1
[(-S,1
titles,1
Iterator,1
continue,1
same..,1
folder.setLevel(0);,1
\1,\,1
item,1
\nameDescriptor,\,1
int[],1
snapshotTreeViewer.addFilter(new,1
\name="\SW_Requirements_Test_Report"\\,1
combo,1
general.GeneralPackage#getUserList(),1
removeFromFunction(,1
#SW_REQUIREMENTS,1
1);,1
getImage(Object,1
\style,\,1
\"\|getContext"\;\,1
#SOFTWARE_QUALITY_ASSURANCE_REPORT,1
\Event"\);\,1
#PROJECT_RISK_LIST,1
general.GeneralPackage#getContainer_AddInfo1(),1
general.GeneralFactory,1
general.FileFunctionStatus#getComment(),1
\name="\MISRA__LintCodeCheck_CheckList"\\,1
general.GeneralPackage#getFileType_Icon(),1
general.impl.ContentObjectImpl#getObjectId,1
Nicer,1
#setDatabase(String),1
viewerColumn;,1
Date().toString());,1
ImageDescriptor,1
Lets,1
general.FileType#getDescription(),1
general.GeneralPackage#getSnapshot_SnapshotId(),1
cpid,1
settingsTable.setLinesVisible(true);,1
general.File#getRootDir(),1
ConnectionImpl,1
id.equals(PROPERTY_NAME)),1
say,1
\"\Comment"\\,1
Date,1
\nameDescriptor.setCategory("\Snapshot"\);\,1
general.ContentObject#getLevel(),1
org.eclipse.ui.views.properties.IPropertySource#getPropertyDescriptors(),1
Instantiate,1
general.GeneralPackage#getFile_RootDir(),1
#G70,1
SnapshotDaoImpl,1
dao.GenericDao#getSession(),1
@throws,1
general.Event#getType(),1
org.eclipse.equinox.app.IApplication#stop(),1
g,1
session.saveOrUpdate(cvo.getFolder1());,1
Descriptors,1
\parent.getShell(),\,1
accept,1
#SW_UNIT_TEST_REPORT,1
#SC_PDP,1
general.impl.ContainerImpl#getAddInfo2,1
general.impl.SnapshotImpl#getVia,1
this);,1
Issue,1
\listDataType="\dao.List"\\,1
general.DataSource#getModified(),1
\'<em><b>Milestone</b></em>',\,1
'<em><b>Synergy</b></em>',1
[--quiet],1
hidden,1
wi.getModelType();,1
#CSAMPLE,1
New,1
plugins,1
general.impl.UserImpl#getUserId,1
callback,1
#SW_INTEGRATION_TEST_SPECIFICATION__VALUE,1
\session.load(co,\,1
#setPartOf(Snapshot),1
general.Function#isDeleted(),1
representing,1
earlier,1
general.SessionSatus#isMksStatus(),1
10),1
\field,\,1
settingsTable.setHeaderVisible(true);,1
'<em><b>Mks</b></em>',1
Selection,1
IconFactory.getInstance().getPPTIco();,1
sandbox,1
\:function"\)\,1
\{"\Property"\,\,1
\e.setType("\ERROR"\);\,1
small,1
Font,1
\name="\C_SAMPLE"\\,1
field.getName();,1
SessionSatus,1
session=,1
#MKS_SANDBOX_VALUE,1
\members,\,1
\--fields=ident,\,1
\name="\blank"\\,1
\"\org.hsqldb.jdbcDriver"\);\,1
#SOFTWARE_INTEGRATION_PLAN,1
defined,1
descriptions,1
general.GeneralPackage#getSessionSatus_DbStatus(),1
displayName,1
Boolean,1
IconFactory.getInstance().getHIco();,1
perform,1
general.CheckInMilestone#getFileStatus(),1
wi.getId();,1
#G40,1
\"\inner\,1
\order,\,1
\System.err.println("\--"\+cvo.getFile1().getName()+\,1
FunctionDao,1
[--port=number],1
easier,1
c:/Aurora_Program/bin/Libra/project.pj,1
ContentObjectImpl,1
LabelProvider(),1
#setVia(Connection),1
\name="\Requirements_Engineering_with_DOORS_yn"\\,1
takes,1
MinimizeToggle,1
advisor,1
general.Connection#getAddInfo3(),1
[(-N|--no)],1
#PROJECT_LINT_REPORT,1
CO2,1
DESCRIPTION,1
SESSION_EDEFAULT;,1
Color,1
--nopersist,1
#ASAMPLE,1
\import,\,1
general.SessionSatus#isDbStatus(),1
FFS,1
these,1
general.impl.SnapshotImpl#isDeleted,1
followed,1
passwords,1
co).list(),1
\ProgressBar(container,\,1
membertimestampOut,1
TESTING,1
TABLE!!,1
HashSet<String>();,1
indenting,1
gridData.grabExcessVerticalSpace,1
#setConnectionType(ConnectionType),1
general.GeneralPackage#getContentObject_Release(),1
2008,1
enabledActivities.add(id);,1
(exclusive,1
general.ContentObject#getPartOf(),1
HibernateUtil,1
viewerColumn,1
\System.out.println("\first\,1
variant,1
general.impl.UserListImpl#getUsers,1
general.GeneralPackage#getConnection_Username(),1
configurer.setShowPerspectiveBar(true);,1
previous,1
general.File#getSuffix(),1
source.txt,1
ContainerDaoImpl,1
Constructor,1
\.setParameter("\file"\,\,1
general.GeneralPackage#getConnection_Release(),1
\name="\SW_Metrics"\\,1
general.ContentObject#getName(),1
general.FileType#getFileTypeId(),1
gridData.horizontalAlignment,1
'<em>document,1
inbound,1
\e.setMessage("\test\,1
general.ContentObject#getFullName(),1
--lockrecord,1
settingsTable,1
general.impl.FunctionImpl#getFunctionId,1
IconFactory.getInstance().getImageIco();,1
dao.DaoPackage#getSnapshotDao(),1
general.impl.ContentObjectImpl#isDummy,1
).list();,1
\instanceClass="\java.util.Date"\\,1
nameOut,1
column;,1
general.FileFunctionStatus#getType(),1
general.Container#getName(),1
\"\D:/temp/Synergy_client7103/bin/ccm"\;\,1
Image}'s,1
\System.out.println("\--"\);\,1
column.setResizable(true);,1
Shell,1
#setOverallStatus(String),1
#BSAMPLE,1
!done),1
general.impl.TaskImpl#getCreated,1
\name="\SW_Project_Schedule"\\,1
#BSAMPLE_VALUE,1
\compareFile(file1,\,1
)session.createQuery(,1
general.GeneralPackage#getCheckInMilestone_CheckInMilestoneId(),1
\archive,\,1
GridData();,1
once,1
#MODEL_REVIEW_VALUE,1
AdaptableClass,1
general.File#getObjectName(),1
general.Connection},1
\stuff"\);\,1
general.ConnectionType},1
general.Connection#getRelease(),1
general.Folder#getRootDirectory(),1
/project,1
--persist,1
UserList,1
EMF,1
general.impl.UserImpl#getUsername,1
\name="\Project_Risk_List"\\,1
FileFunctionStatusDaoImpl,1
\.createFromString(DaoPackage.eINSTANCE.getSession(),\,1
requires,1
sorter,1
HIBERNATE_SESSION_FACTORY,1
#setDate(Date),1
\String,\,1
general.impl.FunctionImpl#getName,1
#SYSTEM_INTEGRATION_TEST_SPECIFICATION,1
general.impl.EventImpl#isUserRelevant,1
\"\'"\\,1
\string,\,1
multiStatus;,1
iterate,1
\name="\Additional"\\,1
FunctionDaoImpl,1
\adding,\,1
Java,1
general.File#getCreationDate(),1
List,1
DaoPackageImpl,1
.getActiveWorkbenchWindow(event).getWorkbench(),1
#SYSTEM_CONFIGURATION_MANAGEMENT_PLAN_VALUE,1
GeneralAdapterFactory,1
FolderDaoImpl,1
variable,1
\"\M:\\pmtqtools\\Synergy71\\Synergy_client7105\\bin\\ccm"\;\,1
\parent2,\,1
GeneralPackage#eINSTANCE},1
general.FileFunctionStatus#isRequired(),1
general.Container#getAddInfo3(),1
\errors!?!?"\,\,1
general.impl.UserImpl#getLastUsed,1
existed,1
expected,1
FolderImpl,1
#setUsers(EList),1
#CHANGE_MANAGEMENT_WITH_MKS_YN,1
#CHANGE_MANAGEMENT_REPORT_VALUE,1
\shared-subproject,\,1
EventType,1
Directory,1
general.impl.FileImpl#getObjectName,1
perm,1
\it,\,1
=directory],1
-S,1
#BLANK_VALUE,1
Put,1
Tree,1
sandbox|--sandbox=sandbox)],1
logger,1
c,1
general.Connection#getLastUsed(),1
Wrong,1
{member},1
\cf.\"\contentobject_objectid\"\\,1
#setSource(DataSource),1
\name="\na"\\,1
containerDao.update(SessionSourceProvider.CURRENT_CONTAINER);,1
System.out.println(dataStore.getMappingXML());,1
createSnapshotColumns(final,1
#SW_UNIT_TEST_SPECIFICATION_,1
<em>Image</em>}',1
placeholder,1
eenum.getELiterals().get((Integer)element).getLiteral();,1
\"\);\,1
((Function)function).getFunctionId());,1
folders1,1
general.impl.ContentObjectImpl#getName,1
general.FileFunctionStatus#getReviewed(),1
{locker},1
settingsTable;,1
space,1
general.GeneralPackage#getFunction_Modified(),1
#MKS_SANDBOX,1
\name="\SW_Integration_Test_Specification_"\\,1
general.impl.ContentObjectImpl#getPartOf,1
fileDao.create(file);,1
general.GeneralPackage#getMilestone(),1
\"\function"\\,1
\instanceClass="\java.util.List"\\,1
#getFolder(),1
general.impl.ContainerImpl#getContainerId,1
\Type,\,1
übersprungen,1
#LESSONS_LEARNED__VALUE,1
general.GeneralPackage#getUser_Email(),1
general.impl.FileFunctionStatusImpl#isRequired,1
DaoFactory.eINSTANCE.createContentObjectDao();,1
general.ContentObject#getModfiedDate(),1
#setRequired(boolean),1
general.impl.ConnectionImpl#getAddInfo2,1
:mother,1
general.FileFunctionStatus#getConfigurationManagement(),1
problem..,1
HibernateUtilImpl.getSessionFactoryEdefault().openSession();,1
\TableViewer(parent,\,1
#setMessage(String),1
\"\"\);\,1
\"\value"\};\,1
\name="\Test_Plan"\\,1
control,1
[:width],1
settingsTableViewer.setContentProvider(new,1
#WARNING,1
recursive,1
general.impl.EventImpl#getSource,1
\banner,\,1
IPropertyDescriptor[],1
loaded,1
#CONFIGURATION_MANAGEMENT_PLAN_VALUE,1
file1,1
Actions,1
#SYSTEM_REQUIREMENTS_SPECIFICATION,1
\makeActions,\,1
general.GeneralPackage#getContainer_Deleted(),1
myCmd.addOption(,1
rootDir,1
\Date,\,1
general.Connection#getConnectionType(),1
\pool,\,1
1.4,1
ConnectionDao,1
general.impl.ContentObjectImpl#getRelease,1
DataSource,1
SessionSourceProvider.CURRENT_FUNCTION),1
allowed,1
folderDao.update(root);,1
\name="\Model_Review"\\,1
08:59:39#Dao#error,1
lazy,1
general.GeneralPackage#getSnapshot_Comment(),1
general.Function#getModified(),1
fills,1
java.util.List<Snapshot>,1
general.GeneralPackage#getConnection_ConnectionId(),1
\name="\System_Requirements_Specification"\\,1
general.GeneralPackage#getFunction_Created(),1
MouseAdapter(),1
creationcpid,1
Specify,1
Fill,1
org.eclipse.equinox.app.IApplication#start(org.eclipse.equinox.app.IApplicationContext),1
general.GeneralPackage#getSessionSatus(),1
general.GeneralPackage#getFileFunctionStatus(),1
DaoFactory,1
.getActivitySupport();,1
#G80_VALUE,1
option,1
tables,1
Information:,1
general.User#getUsername(),1
general.GeneralPackage#getContainer_Created(),1
general.impl.UserImpl#getEmail,1
#O,1
providing,1
openFile(file1);,1
#G80,1
org.eclipse.jface.viewers.ISelectionChangedListener#selectionChanged(org.eclipse.jface.viewers.SelectionChangedEvent),1
persit,1
#setDummy(boolean),1
Initializes,1
((ContentObject)file).getObjectId());,1
HELPER,1
dao.DaoPackage#getGenericDao_Session(),1
Plugin,1
general.Milestone},1
16:20:20,1
ContainerDao,1
(HIGH,1
FileType,1
general.GeneralPackage#getTask_Description(),1
\and,\,1
level,1
SessionSatusImpl,1
settingsTableViewer;,1
systemColorID,1
general.GeneralPackage#getCheckInMilestone(),1
#INFORMATION,1
\instanceClass="\org.hibernate.SessionFactory"\\,1
(container.getName().equals(text.getText())),1
lowest,1
[--projectRevision=rev],1
\("\.c"\):\,1
baseFont,1
[--forceConfirm=[yes|no]],1
sorting,1
TaskImpl,1
IconFactory.getInstance().getPdfIco();,1
updated,1
session.merge(co);,1
DataSourceImpl,1
join..,1
\dataType="\dao.User"\\,1
e.setUserRelevant(true);,1
general.GeneralPackage#getTask_Created(),1
PROPERTY_COMMENT,1
createSettingsViewer(Composite,1
